{
  "train_rows": 3920,
  "test_rows": 580,
  "train_end_year": 2022,
  "best_params": {
    "model__alpha": 0.025118864315095822,
    "model__l1_ratio": 0.8
  },
  "cv_best_mae": 0.6614605155251987,
  "test_mae_log": 0.693477974299004,
  "test_r2_log": 0.0033900801443661477,
  "pct_within_20pct_price": 0.157,
  "leakage_guard_r2": -5.110705772493063e-05,
  "sklearn_version": "1.5.1",
  "created_at": "2025-09-18T20:02:20Z"
}