{
  "train_rows": 3920,
  "test_rows": 580,
  "train_end_year": 2022,
  "best_params": {
    "model__alpha": 0.2848035868435802,
    "model__l1_ratio": 0.05
  },
  "cv_best_mae": 0.6614413606402637,
  "test_mae_log": 0.6927669115840014,
  "test_r2_log": 0.003826317512977351,
  "pct_within_20pct_price": 0.159,
  "leakage_guard_r2": -5.110705772493063e-05,
  "sklearn_version": "1.5.1",
  "created_at": "2025-09-18T12:49:00Z"
}