{
  "train_rows": 3616,
  "test_rows": 884,
  "train_end_year": 2021,
  "best_params": {
    "model__alpha": 0.11103363181676379,
    "model__l1_ratio": 0.2
  },
  "cv_best_mae": 0.6677882798696967,
  "test_mae_log": 0.6614846227316101,
  "test_r2_log": 0.00247738286975574,
  "pct_within_20pct_price": 0.184,
  "leakage_guard_r2": -0.00016378299777675132,
  "sklearn_version": "1.5.1",
  "created_at": "2025-09-17T17:19:09Z"
}