{
  "log_area": {
    "mean": 9.096119183804301,
    "scale": 0.8278355800313504
  },
  "age": {
    "mean": 38.87295918367347,
    "scale": 21.14182389894127
  },
  "signed_flag": {
    "mean": 0.48928571428571427,
    "scale": 0.49988519090050326
  },
  "reserve_gt0": {
    "mean": 0.9079081632653061,
    "scale": 0.28915554696654944
  },
  "artist_rep_score": {
    "mean": 23.69340306122449,
    "scale": 12.29305955468746
  },
  "artist_volatility": {
    "mean": 33.751778061224485,
    "scale": 35.433690364304375
  },
  "prov_score": {
    "mean": 35.89892346938775,
    "scale": 15.34477517986737
  },
  "prov_volatility": {
    "mean": 67.77782397959186,
    "scale": 45.910469276832885
  },
  "auction_house_score": {
    "mean": 53.36498724489796,
    "scale": 16.471101317831977
  },
  "house_volatility": {
    "mean": 55.269760204081635,
    "scale": 23.99919268399073
  }
}